supplier_id,supplier_name,contact_email,contact_phone
1,"Rodriguez, Figueroa and Sanchez",jillrhodes@miller.com,989.608.3863
2,Blake and Sons,jpeterson@bernard.com,361-855-9407
3,Arnold Ltd,barbara10@perez.com,664-375-2553
4,"Reid, Ferguson and Sanchez",ogray@hawkins.com,505.964.1395
5,Wilkerson-Day,josephwright@ryan.org,(353)828-7101x2269
6,Carlson-Mcdonald,tasha01@dyer.com,346-627-0482
7,"Romero, Gonzalez and Brooks",amberosborne@sellers.com,(443)903-9117x182
8,"Martin, Rose and Obrien",sarahcampos@harris.com,587.213.3150x983
9,Zimmerman Inc,carlosjohnson@jones-young.info,582.399.7376
10,Hopkins LLC,ujenkins@nunez.com,4658133387
11,Ramirez and Sons,ramosmichelle@garcia.com,432-867-7360
12,Galloway LLC,smitchell@cowan.com,243.909.8050
13,"Calhoun, Schmidt and Brown",yorkcasey@leonard.biz,793-699-0916
14,Santiago LLC,josephanderson@evans.com,6794911838
15,Ibarra-Suarez,justin78@turner.net,4846124118
16,Jacobs-Robbins,gracefarrell@freeman.com,+1-264-300-5242x7868
17,Landry Ltd,amydavenport@tran.com,4535315869
18,Cherry and Sons,vjohnson@patton-jenkins.com,521-260-7337x543
19,"Lee, Murphy and Lin",michael86@zavala.com,329-840-1965x569
20,"Lee, Williams and Graham",michaeljones@mccall.com,001-448-646-5648x2366
21,Kelley-Smith,jason99@morris.net,221.248.9513x4332
22,Riggs PLC,gibsonolivia@lee.com,(501)363-2870
23,Anderson-Marshall,stephanie79@mcclain.info,(677)943-4873
24,Reeves and Sons,matthew81@hernandez.com,001-831-266-5876x036
25,"James, Smith and Bell",acastaneda@adkins.com,234.867.0656x2729
26,"Elliott, Johnson and Day",michellewhite@gray-lewis.com,264-564-1708x05310
27,Combs PLC,johnwells@elliott.info,001-645-829-9124x190
28,David-Gonzalez,curtisbarton@burke.com,(786)951-8506x716
29,"Hernandez, Thompson and Boyd",christina87@graham-simon.com,431-947-3799x65075
30,Kelly LLC,joshua94@smith.biz,783.977.7014x3634
31,"Schmidt, Coleman and Reese",michael74@king-martinez.com,618-523-3749x89413
32,White-Smith,joshuamccann@carter.info,209-647-7752
33,Wilson-Jones,ojones@brown.com,831-986-9993
34,Evans-Chapman,ntorres@lynch.com,001-933-641-2328x12067
35,Hall Ltd,jacqueline71@hall.org,+1-636-918-3242x10249
36,Harrison LLC,gbender@snyder.biz,001-459-940-1399x0490
37,"Pearson, Moon and White",fwalters@harrison.com,712-356-7468x07154
38,Hancock-Bryan,sandovalamy@brown-stone.org,001-577-403-4824x77109
39,Pierce-Tran,walkermaureen@murray.com,448.346.7737x8263
40,Barton-Dickerson,sarah84@campbell.org,001-872-978-7558
41,Kane-Pollard,ashleyhall@williams-garner.biz,(227)402-8951x7187
42,Pitts-Booker,harrisontanya@hanson-sanders.com,386-357-8091x34316
43,Jackson-Evans,williamslaura@howard-jordan.com,569.922.2196x93792
44,"King, Scott and Smith",rsantana@moore.org,664-674-3671x3695
45,Spence Ltd,khill@osborne.info,239-753-3942x1047
46,"Anderson, Browning and Murphy",ithompson@walter.com,(547)845-1712
47,"Diaz, Gibbs and Smith",gibsonemily@baker.com,337-909-8593
48,"Turner, Ortiz and Taylor",torrestravis@young.com,(275)786-9261x7964
49,Ramos and Sons,cory58@howard.com,513.590.0532x931
50,Murphy and Sons,ramireztracey@fernandez.com,+1-302-305-3950x24026
51,West-Cox,hayesjeffrey@williams.net,470-307-6617x7115
52,Hill Ltd,oscar98@chavez-jacobs.com,001-318-736-7365x766
53,Edwards-Scott,gloriawells@decker.biz,352-880-9885
54,Russo-Pugh,uparrish@schmitt.com,(319)683-2731x585
55,"Perez, Patterson and Hoffman",lynchdiane@adams.com,850-922-9612x01836
56,Moore-Collins,kimberly99@ware.com,001-390-714-7679x76438
57,Rodriguez-Gregory,trose@walker.com,2349324451
58,"Jordan, Anderson and Patel",vincentwhitaker@jones-hensley.com,(707)415-9696x64160
59,"Stevens, Norris and Cox",prichard@chapman-warren.biz,453-552-1818x8355
60,Thomas and Sons,carriewolf@jones.info,001-699-279-9552x71774
61,Romero-Collins,xjohnson@jones-lin.com,+1-998-467-9807x935
62,Hayes LLC,wagnergerald@zimmerman.net,392.855.4665x90515
63,King-York,mathewaguilar@rangel.biz,(391)848-6528
64,"Cox, Cox and White",matthewmiranda@perez.com,441-888-8059
65,Martin Ltd,jenniferwilliams@rhodes-young.info,+1-947-638-3473x597
66,Shaw-Barnes,lisasolis@salas.info,(881)381-4124x782
67,Velasquez LLC,perryrandy@young-vang.com,905.415.2204
68,"Harrison, Gilbert and Bullock",scottmary@bentley.com,341.903.6971
69,"Herrera, Chen and Andrews",kellysmith@allen-butler.com,651.288.8880x67065
70,Kramer-Cooper,ingramjill@anderson-bell.com,+1-227-772-2170x4303
71,Robertson-Hays,wking@lee.com,615-366-7652x775
72,"Coleman, Jordan and Carney",amymorris@murphy.com,296.327.5705x964
73,"Walsh, Cox and Owen",stephaniethomas@gregory.com,001-455-769-0927x55719
74,Edwards-Ramirez,johnsonjacob@hughes.com,001-973-394-7312x172
75,"Ponce, Downs and Contreras",piercekelly@york-joseph.com,(783)913-2370x589
76,"Anderson, Henson and Jones",ukey@fox-hammond.org,425-417-7852
77,Shaw-Oneill,holmeskevin@morris.com,(384)414-3842x498
78,"David, Moore and Hopkins",megan90@miller.org,839-669-0784x473
79,Jones-Brown,dperry@peterson.com,001-355-662-5881x537
80,Wright-Davis,sonia96@estes.com,001-953-227-8774
81,Landry PLC,nlevy@gomez.info,580-716-2456x5060
82,"Roberts, Hughes and Cole",marcia99@anderson.biz,(258)452-3986x800
83,"Cook, Wells and Bryant",markaustin@long.com,001-258-788-7947
84,Nunez-Whitney,laura09@baker-rios.org,001-430-597-2896
85,Armstrong Ltd,leescott@hernandez-vaughn.biz,997.702.8385x78652
86,"Gomez, Ingram and Le",chelsea33@grant-walker.com,001-843-775-7584x41986
87,Roberts LLC,reedscott@burgess-lewis.net,584-221-9933x083
88,Gutierrez Ltd,xgarcia@smith.com,(877)434-5401x93802
89,Osborn Group,vlopez@mcdowell-smith.org,+1-515-347-8872x874
90,Martin-Stevens,jennifer05@bradley-todd.com,+1-566-285-1612x275
91,Reyes-Griffin,stephanie49@berry.com,6177426841
92,"Walker, Bernard and Mendoza",madkins@perry-dunn.info,001-583-439-1878x51910
93,Murphy PLC,nwilson@aguilar.com,628.267.9087x406
94,"Robinson, Jones and Henderson",weaverbrian@andersen.com,762-326-5676x6182
95,Haney Group,jessicawalker@avila.info,+1-886-286-3375x24310
96,Harris Inc,griffinemily@sanchez.biz,738.530.2843x959
97,Walter-Odom,roberthill@fry.biz,+1-470-656-8566
98,White-Medina,melissaturner@thomas.biz,(588)226-3435x17518
99,Bennett-Jacobs,russojacob@ramsey.com,603-831-7393x6385
100,Ferguson-Howard,michael77@lang.info,001-853-655-6093x20489
